Date,Time,Details
2022-02-14,9:00,test 1
2022-02-14,10:00,test 2
2022-02-19,9:00,test3
2022-03-14,9:30,test 4
2022-02-14,9:00,test 5
2022-12-24,9:00,test 6
2022-12-24,9:00,test 7
2022-12-24,9:30,test
2022-12-12,09:30,test 8
2022-12-12,09:00,test 9
2022-12-12,09:30 AM,test 10
2022-12-13,09:00 PM,test 11
2022-12-12,10:30 AM,test 12
2022-12-12,12:30 PM,test13
2022-12-13,04:00 PM,test 14
2022-03-25,09:00 AM,test 15
2022-03-25,04:00 PM,test 16
2025-03-25,01:00 PM,test 17
2022-03-25,01:00 PM,test 18
2022-03-25,01:00 PM,test 19
2022-05-20,12:30 PM,test x
2022-03-26,09:30 PM,test 20
2022-03-26,09:20 PM,a
2022-03-26,09:40 PM,B
2022-03-27,10:00 AM,pretty in pink
2022-03-27,07:20 PM,Apple
2022-03-27,12:30 AM,Banana
2022-03-27,04:00 PM,Pear
2022-03-27,03:30 PM,Mango
2022-03-27,06:00,Plum
2022-03-29,13:00,Lychee
